customer_id,day,category,amount
1,0,0,43.64
2,0,2,14.05
3,0,1,23.62
6,0,2,57.86
6,0,2,63.44
6,0,2,81.67
7,0,2,42.28
10,0,0,132.66
11,0,0,10.62
21,0,2,35.64
27,0,0,56.81
28,0,1,3.58
30,0,2,80.67
31,0,2,32.58
31,0,0,33.95
36,0,2,14.82
36,0,3,55.66
38,0,3,193.67
39,0,3,140.69
43,0,2,33.83
44,0,2,45.72
44,0,2,25.98
44,0,0,17.99
47,0,0,17.86
49,0,0,17.12
51,0,0,85.6
52,0,0,29.44
58,0,2,34.93
59,0,0,44.66
60,0,2,54.15
61,0,2,32.03
61,0,1,24.53
62,0,2,24.93
63,0,0,28.4
67,0,0,39.29
67,0,0,25.46
67,0,1,18.43
67,0,1,30.93
67,0,1,9.07
68,0,2,10.66
69,0,2,37.95
71,0,0,44.34
82,0,2,20.79
82,0,2,37.95
86,0,0,15.05
86,0,2,57.76
86,0,2,55.56
89,0,0,7.34
94,0,0,124.46
96,0,1,162.13
97,0,0,6.15
106,0,0,57.3
111,0,1,18.94
111,0,1,7.48
115,0,1,18.9
115,0,1,13.62
116,0,0,76.56
116,0,1,34.46
116,0,2,60.02
116,0,0,48.22
117,0,0,11.53
117,0,3,52.89
118,0,0,19.52
120,0,0,30.77
126,0,0,25.59
135,0,3,96.64
139,0,1,23.93
140,0,1,17.06
141,0,0,8.76
143,0,1,4.8
145,0,2,41.27
147,0,1,7.32
147,0,1,43.45
148,0,2,12.67
150,0,0,38.7
152,0,3,61.81
155,0,0,24.1
156,0,3,90.22
157,0,0,21.76
159,0,0,38.01
160,0,2,38.7
161,0,2,16.53
162,0,1,16.04
163,0,0,43.05
166,0,0,65.62
166,0,0,40.45
169,0,1,10.23
169,0,0,17.26
169,0,0,5.42
169,0,0,17.14
171,0,1,7.48
180,0,0,36.29
183,0,0,7.94
183,0,0,17.35
183,0,1,9.34
188,0,0,81.28
193,0,1,37.55
194,0,2,71.9
195,0,0,16.66
200,0,2,45.36
200,0,0,81.78
205,0,0,30.33
205,0,0,40.09
207,0,2,74.75
209,0,2,69.16
211,0,1,55.3
212,0,1,11.8
217,0,3,108.63
217,0,0,15.49
220,0,0,57.71
220,0,1,22.31
224,0,1,20.44
226,0,2,16.06
226,0,1,14.26
226,0,1,5.79
226,0,1,9.85
232,0,0,41.93
234,0,0,2.84
240,0,2,54.97
246,0,2,45.43
250,0,2,31.76
253,0,0,32.94
253,0,2,49.66
254,0,2,438.37
255,0,1,27.39
255,0,2,172.66
259,0,1,144.67
259,0,2,798.5
261,0,3,178.96
262,0,2,67.65
266,0,2,12.03
269,0,0,27.49
269,0,1,9.62
273,0,0,17.69
274,0,0,51.47
274,0,1,28.14
278,0,2,58.25
281,0,1,46.92
288,0,0,53.07
290,0,0,34.45
291,0,2,42.75
295,0,2,86.05
297,0,3,208.94
304,0,0,12.71
304,0,3,24.91
306,0,3,87.53
306,0,1,31.54
306,0,0,15.12
306,0,3,176.52
308,0,1,14.14
310,0,0,54.52
310,0,0,123.65
310,0,2,222.84
311,0,2,54.83
312,0,0,23.01
313,0,1,7.37
316,0,0,11.69
318,0,1,6.9
319,0,0,69.42
320,0,1,17.77
323,0,2,55.08
323,0,2,62.29
324,0,0,20.42
328,0,0,22.86
333,0,2,18.62
333,0,1,32.61
335,0,0,10.22
340,0,3,80.44
340,0,0,16.08
343,0,2,16.25
345,0,0,22.83
348,0,2,154.87
350,0,0,4.69
353,0,1,17.3
355,0,0,39.33
360,0,2,40.66
361,0,1,9.9
361,0,1,23.88
363,0,1,50.72
366,0,2,46.67
369,0,0,10.79
369,0,1,13.56
370,0,2,66.32
371,0,2,28.29
373,0,1,17.66
373,0,3,75.9
375,0,2,15.83
381,0,0,65.14
381,0,1,66.66
386,0,0,38.73
387,0,0,10.35
387,0,0,27.99
388,0,1,13.96
399,0,1,11.1
403,0,1,23.37
403,0,2,39.7
406,0,1,21.11
407,0,1,17.34
410,0,0,30.11
410,0,0,26.47
411,0,0,55.93
412,0,3,200.08
414,0,1,24.11
414,0,0,37.49
414,0,2,47.18
415,0,0,102.24
415,0,1,49.47
418,0,0,26.27
418,0,2,60.52
418,0,2,51.95
422,0,1,17.8
429,0,0,47.97
437,0,0,28.38
437,0,0,36.79
440,0,2,75.19
440,0,0,31.54
443,0,1,3.66
447,0,0,14.32
448,0,1,58.49
448,0,2,28.47
449,0,1,32.56
453,0,2,42.39
457,0,3,157.05
457,0,0,61.31
458,0,1,11.0
458,0,3,253.64
462,0,0,21.97
464,0,1,29.71
466,0,0,49.95
466,0,3,108.25
467,0,2,30.81
468,0,0,17.65
470,0,0,31.99
470,0,0,21.75
474,0,1,12.72
477,0,1,87.4
478,0,0,6.01
478,0,1,22.93
480,0,2,18.65
483,0,3,126.32
484,0,0,51.7
485,0,1,12.77
486,0,0,23.3
487,0,1,9.62
488,0,2,66.63
488,0,2,68.09
489,0,2,177.0
489,0,1,144.5
489,0,2,403.55
489,0,2,211.76
496,0,0,15.32
496,0,2,46.32
499,0,3,256.91
504,0,0,30.15
505,0,2,21.51
506,0,3,138.14
507,0,3,43.36
509,0,0,19.77
510,0,1,18.78
512,0,2,46.35
515,0,2,28.46
516,0,0,20.67
519,0,3,68.48
519,0,2,47.68
528,0,2,26.25
528,0,2,39.33
528,0,0,7.05
531,0,0,67.58
531,0,2,156.85
532,0,1,14.81
534,0,1,18.53
536,0,0,33.67
537,0,0,61.92
539,0,0,22.84
539,0,3,66.53
539,0,1,7.72
542,0,2,24.22
542,0,0,11.44
543,0,0,30.27
553,0,0,27.1
554,0,0,61.86
555,0,1,7.48
556,0,0,60.1
556,0,0,72.0
557,0,3,86.24
559,0,1,25.91
565,0,1,48.48
567,0,0,28.25
569,0,1,40.49
574,0,2,38.83
575,0,1,20.89
578,0,1,17.13
579,0,0,17.96
579,0,0,15.98
579,0,3,69.35
584,0,1,14.67
584,0,1,22.92
584,0,0,39.52
584,0,2,33.79
588,0,0,30.79
588,0,2,72.96
594,0,1,12.68
596,0,0,73.58
596,0,0,39.41
597,0,1,11.09
599,0,1,19.32
599,0,1,4.88
600,0,0,48.35
601,0,2,15.57
606,0,3,77.99
609,0,0,38.38
611,0,2,46.33
612,0,0,12.46
612,0,0,57.24
612,0,1,10.14
613,0,1,14.85
614,0,2,114.22
614,0,0,58.65
615,0,0,8.06
616,0,0,23.18
616,0,1,19.77
616,0,0,31.94
618,0,0,11.92
618,0,2,40.06
622,0,0,33.74
628,0,1,9.51
631,0,0,39.78
631,0,1,31.33
632,0,2,16.3
634,0,2,44.6
634,0,3,234.97
636,0,1,4.93
637,0,1,6.31
639,0,2,19.31
639,0,0,11.79
643,0,1,65.55
643,0,3,325.79
644,0,3,248.53
644,0,0,18.22
645,0,2,100.97
647,0,0,32.59
647,0,2,37.12
649,0,0,18.01
649,0,0,27.33
650,0,0,62.52
651,0,1,125.48
651,0,1,99.18
653,0,1,38.39
654,0,2,15.61
658,0,2,254.54
658,0,0,73.27
658,0,1,74.73
659,0,0,8.83
662,0,0,63.47
665,0,0,22.73
670,0,1,5.12
670,0,0,58.96
672,0,0,61.81
673,0,0,18.92
682,0,0,50.4
686,0,1,6.66
687,0,0,63.71
688,0,2,31.13
688,0,3,95.38
695,0,2,18.51
701,0,1,21.32
702,0,3,127.31
702,0,0,35.48
702,0,2,22.29
702,0,2,81.08
707,0,1,7.2
711,0,2,13.6
712,0,1,30.46
714,0,2,37.23
714,0,2,40.54
717,0,1,41.15
718,0,1,35.48
719,0,2,36.25
719,0,0,15.73
719,0,2,75.61
726,0,1,16.84
729,0,0,20.12
730,0,2,31.14
730,0,2,15.22
732,0,0,71.48
732,0,1,26.53
732,0,0,17.17
734,0,1,8.59
737,0,2,24.5
738,0,3,183.39
738,0,0,14.09
739,0,3,43.29
742,0,0,24.47
742,0,1,23.31
745,0,1,40.68
749,0,2,50.09
749,0,0,32.21
752,0,1,28.57
753,0,0,26.81
760,0,0,74.49
762,0,0,14.76
763,0,0,59.25
763,0,0,30.89
763,0,3,365.77
766,0,0,15.72
768,0,1,10.75
769,0,0,63.62
771,0,0,44.93
772,0,1,17.54
772,0,2,80.83
772,0,0,16.78
773,0,0,28.56
781,0,0,8.7
785,0,1,6.54
790,0,0,156.49
790,0,1,17.48
790,0,0,47.49
791,0,2,18.0
796,0,1,12.01
798,0,1,12.46
799,0,0,14.2
804,0,2,20.7
804,0,1,15.77
805,0,0,17.68
805,0,1,3.31
806,0,1,11.71
807,0,1,25.94
808,0,1,40.72
811,0,0,31.07
811,0,0,15.67
812,0,1,14.67
814,0,2,214.02
817,0,0,11.08
818,0,0,10.32
818,0,0,26.37
822,0,0,26.01
823,0,1,8.58
825,0,0,34.45
826,0,2,24.5
830,0,0,42.91
831,0,2,114.44
832,0,0,22.0
832,0,2,13.68
833,0,1,23.14
833,0,2,54.75
836,0,2,103.15
836,0,0,32.42
841,0,2,45.19
843,0,0,35.02
848,0,1,7.36
848,0,1,10.03
849,0,1,8.62
849,0,2,74.12
853,0,0,29.99
854,0,0,24.82
857,0,1,41.19
858,0,0,20.36
860,0,2,50.6
860,0,0,48.94
861,0,2,21.39
861,0,2,9.17
863,0,2,76.93
868,0,2,21.33
868,0,1,16.21
870,0,2,130.62
871,0,1,23.66
875,0,2,27.83
880,0,0,17.97
881,0,2,62.14
881,0,1,5.0
883,0,1,18.46
885,0,2,96.87
886,0,1,13.74
888,0,2,13.85
892,0,2,36.85
892,0,1,36.88
894,0,1,22.25
896,0,0,4.31
898,0,3,385.34
899,0,1,31.46
899,0,2,45.19
900,0,1,24.22
902,0,0,49.72
904,0,3,170.82
906,0,1,15.44
908,0,2,29.33
910,0,3,292.0
910,0,2,38.49
910,0,1,8.86
913,0,1,32.21
915,0,0,9.42
915,0,1,29.21
917,0,2,27.36
918,0,2,17.73
920,0,0,52.23
925,0,1,25.27
928,0,2,22.66
929,0,0,58.84
930,0,2,58.22
932,0,0,11.43
932,0,3,49.76
936,0,1,11.57
938,0,2,30.67
942,0,2,117.93
943,0,0,55.09
944,0,0,24.59
946,0,2,22.04
946,0,2,19.41
948,0,1,11.07
948,0,0,10.82
950,0,0,11.36
959,0,0,107.75
962,0,0,7.91
962,0,1,13.16
962,0,1,10.4
964,0,0,21.02
964,0,0,15.35
967,0,1,30.74
968,0,2,85.13
971,0,1,15.07
972,0,1,31.45
972,0,0,23.16
972,0,1,13.42
973,0,0,55.97
975,0,1,16.34
975,0,1,59.03
976,0,2,119.9
977,0,0,36.62
978,0,1,17.27
979,0,3,285.28
979,0,3,169.32
980,0,0,29.96
981,0,1,34.81
981,0,0,23.03
987,0,3,257.89
987,0,3,375.39
991,0,1,20.02
991,0,0,56.89
999,0,3,368.43
1000,0,0,38.52
1002,0,1,28.07
1010,0,0,27.05
1010,0,1,38.85
1011,0,3,196.04
1013,0,1,22.79
1013,0,2,47.16
1016,0,0,67.96
1016,0,1,34.68
1016,0,0,17.22
1018,0,2,47.97
1019,0,0,18.7
1019,0,2,62.02
1020,0,0,29.8
1028,0,0,29.36
1030,0,2,30.45
1030,0,1,19.02
1031,0,1,10.22
1031,0,2,34.3
1033,0,1,120.35
1035,0,1,10.67
1035,0,1,13.34
1035,0,2,27.7
1037,0,0,26.33
1038,0,3,148.98
1038,0,2,19.49
1040,0,1,14.81
1043,0,0,25.18
1043,0,0,35.07
1044,0,1,55.46
1046,0,1,6.84
1048,0,1,34.52
1049,0,1,6.22
1056,0,0,11.19
1057,0,0,15.35
1061,0,2,102.8
1064,0,2,16.38
1064,0,1,36.62
1064,0,3,226.06
1064,0,1,27.63
1070,0,3,241.43
1071,0,2,19.22
1073,0,2,64.59
1084,0,0,24.67
1084,0,2,75.65
1086,0,3,94.02
1086,0,1,19.9
1086,0,0,41.67
1089,0,0,19.09
1089,0,2,29.84
1094,0,0,35.15
1095,0,1,2.38
1097,0,2,35.15
1100,0,0,31.23
1102,0,1,20.22
1103,0,2,19.95
1103,0,1,11.67
1109,0,0,3.98
1109,0,1,6.55
1109,0,3,11.66
1112,0,2,11.84
1113,0,2,56.72
1114,0,1,13.58
1115,0,1,33.5
1115,0,2,50.53
1118,0,1,13.85
1119,0,0,21.52
1120,0,0,16.76
1121,0,0,28.49
1126,0,0,48.63
1127,0,0,22.08
1127,0,2,20.76
1129,0,3,81.13
1130,0,0,26.72
1133,0,2,23.14
1140,0,2,20.62
1141,0,0,93.26
1141,0,0,20.46
1141,0,2,122.33
1142,0,0,58.77
1143,0,1,26.73
1144,0,0,51.7
1151,0,0,24.18
1151,0,1,50.91
1153,0,3,260.22
1156,0,1,30.21
1158,0,1,5.77
1159,0,0,8.4
1159,0,1,14.78
1160,0,1,33.92
1160,0,1,64.62
1165,0,0,28.81
1167,0,0,74.89
1169,0,2,88.16
1178,0,1,16.89
1178,0,1,25.17
1179,0,3,190.45
1181,0,2,57.67
1183,0,0,54.86
1185,0,0,63.26
1186,0,2,15.64
1186,0,2,27.95
1187,0,1,59.0
1188,0,0,78.53
1188,0,1,15.69
1191,0,2,79.95
1191,0,2,26.81
1191,0,1,12.48
1194,0,0,84.78
1198,0,2,84.18
1,1,0,84.65
1,1,0,15.06
2,1,0,26.73
2,1,1,17.82
2,1,1,4.72
10,1,1,36.37
10,1,0,33.15
10,1,0,45.43
11,1,1,7.34
12,1,0,10.17
12,1,1,13.32
14,1,2,29.94
14,1,3,253.43
14,1,0,12.43
18,1,1,13.57
18,1,2,63.03
19,1,2,37.69
21,1,0,107.48
30,1,0,25.53
31,1,1,29.06
34,1,1,7.86
38,1,2,216.45
44,1,2,29.07
49,1,0,67.6
49,1,0,23.82
50,1,0,41.9
52,1,0,92.54
52,1,1,25.37
53,1,0,10.32
57,1,2,4.46
58,1,0,23.96
61,1,0,20.58
62,1,0,19.85
64,1,2,28.05
66,1,0,65.39
68,1,1,6.63
68,1,2,18.4
71,1,2,10.07
73,1,0,77.02
73,1,2,115.13
73,1,0,103.32
74,1,1,18.02
75,1,2,29.14
80,1,0,20.69
80,1,2,28.53
80,1,0,9.38
88,1,2,35.36
89,1,3,32.77
89,1,0,5.27
90,1,2,37.68
90,1,0,43.46
90,1,3,152.81
92,1,2,76.59
94,1,2,38.5
95,1,2,85.67
97,1,1,21.32
100,1,2,28.23
101,1,1,19.73
104,1,1,33.12
104,1,1,4.47
105,1,0,32.19
108,1,3,297.24
110,1,0,15.46
110,1,0,35.84
111,1,2,22.94
112,1,1,25.06
114,1,0,21.8
115,1,2,51.12
116,1,2,52.4
119,1,1,31.71
123,1,2,32.81
130,1,0,26.71
130,1,2,70.35
131,1,3,530.8
138,1,3,157.01
140,1,2,27.04
140,1,2,37.95
140,1,1,17.64
141,1,1,18.82
142,1,2,36.46
143,1,0,8.66
145,1,1,19.6
147,1,2,27.97
148,1,0,25.13
151,1,2,69.47
154,1,0,38.95
160,1,2,16.18
160,1,2,35.02
162,1,2,35.97
162,1,1,4.5
163,1,1,16.27
167,1,0,15.15
167,1,2,27.0
168,1,1,14.48
169,1,2,16.08
170,1,2,56.43
173,1,1,17.76
173,1,1,58.96
174,1,3,158.98
175,1,0,17.7
175,1,2,9.59
179,1,1,8.69
182,1,0,67.87
187,1,2,234.92
193,1,2,21.44
195,1,1,22.85
197,1,0,8.25
197,1,3,137.5
198,1,0,65.79
199,1,1,19.9
200,1,1,17.39
200,1,1,10.29
202,1,1,15.74
206,1,2,11.2
215,1,0,41.22
216,1,2,120.26
216,1,2,104.59
216,1,0,26.13
216,1,0,53.37
217,1,2,28.8
220,1,0,38.91
220,1,1,17.19
222,1,0,12.64
224,1,1,33.21
224,1,0,25.04
230,1,1,20.31
231,1,2,48.64
232,1,0,25.57
232,1,1,16.39
232,1,3,74.85
232,1,1,12.46
233,1,2,209.41
233,1,0,41.62
234,1,0,5.61
234,1,0,21.63
235,1,2,64.18
238,1,2,88.12
238,1,0,39.37
240,1,1,9.43
241,1,1,37.16
241,1,1,11.47
245,1,3,170.9
245,1,0,30.47
247,1,1,7.63
248,1,2,138.78
250,1,0,67.01
250,1,0,122.4
251,1,1,13.45
253,1,0,34.79
253,1,0,15.19
253,1,1,20.05
254,1,1,43.31
254,1,1,22.31
255,1,2,118.61
255,1,0,26.23
259,1,0,157.46
259,1,1,128.78
259,1,0,251.87
262,1,2,50.16
263,1,0,140.26
264,1,2,12.06
264,1,1,8.71
265,1,1,6.74
266,1,1,10.63
267,1,2,64.04
267,1,2,83.4
268,1,1,9.07
268,1,0,13.1
271,1,0,57.26
273,1,2,7.33
274,1,3,180.85
274,1,0,47.44
278,1,0,25.58
279,1,1,16.05
279,1,1,12.9
280,1,2,46.94
280,1,1,20.37
281,1,1,30.57
281,1,1,42.36
281,1,2,42.77
283,1,0,18.79
285,1,3,427.59
286,1,0,92.28
289,1,0,244.18
290,1,0,28.48
291,1,0,19.77
292,1,1,16.39
293,1,0,12.65
294,1,3,32.93
294,1,1,13.72
297,1,2,34.72
297,1,0,22.63
301,1,3,106.64
302,1,2,75.36
314,1,3,69.03
319,1,1,40.33
319,1,2,87.04
323,1,1,26.94
324,1,1,28.65
324,1,2,54.61
328,1,0,56.66
329,1,0,13.22
331,1,0,98.49
332,1,2,188.56
334,1,0,11.23
335,1,3,102.16
335,1,0,18.59
336,1,0,34.71
337,1,0,30.08
338,1,0,68.49
341,1,1,17.07
341,1,0,20.64
343,1,0,14.42
348,1,2,37.4
349,1,2,27.94
351,1,0,21.22
351,1,2,60.58
353,1,0,28.26
355,1,1,6.79
357,1,1,92.87
360,1,2,30.41
361,1,0,18.91
365,1,0,56.83
367,1,1,13.43
372,1,0,30.53
373,1,2,31.73
374,1,3,45.71
374,1,3,110.97
374,1,0,8.06
377,1,0,21.24
380,1,0,12.02
380,1,3,66.15
381,1,1,179.48
383,1,0,12.9
384,1,2,25.3
386,1,2,84.34
386,1,0,35.64
386,1,2,35.85
387,1,0,14.45
387,1,1,14.54
390,1,0,13.86
390,1,0,18.79
394,1,0,9.42
395,1,3,189.54
395,1,1,27.0
396,1,1,12.37
396,1,2,18.32
398,1,0,9.62
398,1,0,19.64
401,1,0,45.46
406,1,0,11.6
406,1,2,19.85
408,1,2,46.7
408,1,0,17.87
412,1,0,38.92
414,1,3,295.89
415,1,0,40.58
416,1,1,24.58
419,1,0,10.67
422,1,2,27.29
424,1,2,32.21
426,1,2,108.55
426,1,1,9.81
427,1,1,23.97
428,1,0,47.63
429,1,1,61.24
436,1,0,38.94
437,1,0,23.82
439,1,2,34.36
442,1,3,113.22
448,1,0,59.36
449,1,0,35.31
449,1,2,29.54
451,1,3,136.26
452,1,2,19.53
456,1,0,46.44
457,1,0,40.3
457,1,2,70.02
458,1,0,25.6
461,1,0,27.43
463,1,1,10.72
466,1,0,20.47
466,1,2,58.14
467,1,2,17.7
467,1,2,17.07
469,1,1,8.54
471,1,0,15.78
473,1,0,101.55
476,1,0,9.24
477,1,0,335.88
481,1,1,30.69
482,1,0,45.73
483,1,2,46.48
483,1,0,9.36
483,1,1,6.34
485,1,0,42.51
488,1,2,43.68
489,1,2,47.98
489,1,0,48.81
490,1,0,75.02
491,1,1,94.34
492,1,0,72.78
493,1,0,35.87
496,1,1,17.35
499,1,0,71.96
499,1,1,13.54
501,1,1,72.5
501,1,1,11.12
505,1,2,90.86
505,1,2,71.35
507,1,1,7.95
512,1,0,29.34
514,1,1,18.16
519,1,1,13.11
519,1,2,32.86
519,1,1,26.31
523,1,0,158.49
524,1,2,66.13
524,1,2,27.16
525,1,1,24.56
525,1,0,35.82
526,1,0,27.08
527,1,2,5.86
527,1,1,10.27
527,1,1,27.32
528,1,0,7.8
530,1,1,13.11
534,1,2,41.53
534,1,0,39.76
535,1,0,4.67
536,1,2,60.85
539,1,0,11.79
539,1,2,17.53
539,1,0,39.34
540,1,3,48.08
543,1,1,27.89
544,1,1,8.13
544,1,1,15.0
544,1,0,20.27
544,1,1,12.2
548,1,1,19.23
552,1,0,53.87
553,1,0,62.79
553,1,1,17.27
555,1,0,11.64
555,1,1,29.78
558,1,1,6.72
558,1,1,9.12
559,1,0,71.25
561,1,0,32.06
561,1,2,44.36
561,1,1,16.13
563,1,0,17.1
565,1,1,19.64
567,1,3,114.06
568,1,3,114.17
570,1,3,58.63
574,1,0,20.2
576,1,1,3.2
577,1,0,43.51
578,1,0,23.5
584,1,1,10.42
584,1,0,56.66
586,1,3,145.89
589,1,0,18.49
589,1,0,11.93
591,1,1,23.08
591,1,1,13.18
591,1,0,45.29
595,1,2,17.63
595,1,1,28.05
596,1,1,93.8
601,1,0,14.55
601,1,0,12.76
608,1,3,147.13
609,1,1,29.12
611,1,0,87.57
613,1,0,21.11
613,1,0,27.72
613,1,1,13.16
614,1,0,80.88
616,1,1,19.68
617,1,0,34.86
621,1,0,20.43
621,1,2,73.64
623,1,0,56.3
627,1,3,168.74
628,1,0,13.89
631,1,0,27.25
633,1,1,9.9
633,1,0,32.0
635,1,2,17.15
638,1,0,20.54
640,1,1,16.4
640,1,0,8.4
642,1,0,57.13
643,1,1,32.22
644,1,1,17.12
644,1,2,45.81
647,1,2,32.78
653,1,0,119.5
653,1,1,22.75
654,1,0,16.38
656,1,0,78.97
661,1,3,172.17
662,1,1,34.44
665,1,0,27.8
665,1,0,34.36
665,1,1,13.22
670,1,0,51.83
670,1,2,44.79
671,1,0,41.4
672,1,2,161.38
673,1,0,11.51
679,1,3,93.55
681,1,2,36.46
682,1,0,126.23
682,1,0,63.58
686,1,3,308.63
687,1,0,20.27
690,1,2,78.45
690,1,2,30.24
690,1,2,42.14
692,1,2,37.01
693,1,1,23.02
693,1,0,31.79
695,1,2,60.94
695,1,2,22.04
695,1,1,13.97
698,1,2,118.42
704,1,1,22.54
706,1,1,42.72
706,1,0,36.25
709,1,2,41.24
712,1,0,34.27
714,1,1,18.85
714,1,0,29.85
714,1,2,12.45
714,1,2,67.73
715,1,0,59.49
718,1,1,26.21
719,1,2,45.73
720,1,2,46.49
723,1,0,99.22
723,1,0,67.5
723,1,2,103.72
726,1,0,16.39
726,1,2,31.82
728,1,0,18.79
730,1,1,8.53
730,1,2,48.53
732,1,2,41.4
733,1,1,24.14
734,1,1,10.07
737,1,0,11.75
738,1,2,25.98
738,1,1,12.91
739,1,1,13.28
740,1,3,59.0
741,1,2,13.37
741,1,1,7.6
752,1,0,68.55
754,1,0,56.1
756,1,0,21.49
761,1,0,29.61
763,1,0,69.88
763,1,2,47.71
763,1,3,142.97
767,1,1,87.71
767,1,0,45.72
769,1,2,76.87
769,1,2,81.51
771,1,2,81.31
772,1,1,36.89
773,1,0,30.51
773,1,1,9.38
774,1,1,5.1
775,1,2,41.2
775,1,0,13.2
776,1,1,26.2
777,1,2,86.82
778,1,0,54.37
787,1,2,18.67
789,1,0,39.89
791,1,2,68.2
791,1,0,12.63
791,1,3,45.77
796,1,2,20.84
796,1,0,40.63
797,1,3,43.05
797,1,1,7.19
804,1,2,22.26
804,1,0,9.82
806,1,0,20.22
806,1,1,11.68
809,1,0,8.99
821,1,0,28.22
822,1,2,26.58
824,1,1,11.28
825,1,3,228.73
826,1,1,12.48
833,1,1,7.65
840,1,0,31.38
843,1,2,49.56
845,1,1,6.12
848,1,0,6.25
849,1,1,16.43
849,1,0,51.15
860,1,2,69.63
869,1,2,24.36
871,1,2,51.29
871,1,0,20.97
877,1,1,54.19
877,1,2,64.04
878,1,1,4.71
879,1,0,74.63
879,1,1,38.19
879,1,0,56.33
883,1,1,46.13
884,1,1,10.94
887,1,2,50.34
887,1,2,70.49
888,1,2,22.24
888,1,0,9.92
889,1,2,72.21
891,1,2,41.54
894,1,0,50.62
895,1,1,8.28
895,1,0,11.05
897,1,1,44.8
897,1,0,116.44
897,1,1,20.91
898,1,0,139.29
898,1,0,45.18
900,1,1,37.04
901,1,2,41.81
902,1,0,64.52
903,1,2,29.0
903,1,0,18.38
906,1,0,34.44
906,1,3,285.94
910,1,2,57.1
910,1,0,30.38
913,1,0,34.55
913,1,3,140.51
915,1,1,13.96
915,1,0,8.68
918,1,0,12.09
919,1,2,15.21
920,1,1,28.38
920,1,1,31.87
923,1,2,28.98
927,1,0,53.05
927,1,2,223.14
929,1,3,188.94
935,1,0,49.14
935,1,2,28.94
935,1,2,40.05
936,1,2,23.02
937,1,1,6.0
941,1,3,85.56
943,1,0,19.41
947,1,3,45.64
952,1,3,128.79
954,1,1,18.68
955,1,2,85.88
957,1,0,35.07
957,1,1,27.96
958,1,0,20.13
961,1,1,9.94
962,1,1,16.29
963,1,2,66.35
965,1,1,44.41
966,1,0,13.28
969,1,0,16.22
976,1,1,18.67
978,1,0,7.8
979,1,0,92.31
981,1,1,28.33
983,1,2,12.47
983,1,1,12.71
984,1,1,3.27
989,1,0,54.01
991,1,2,71.05
994,1,0,14.03
1000,1,0,48.46
1006,1,1,33.16
1010,1,2,18.64
1010,1,2,55.78
1012,1,1,25.68
1013,1,0,16.58
1014,1,1,30.97
1014,1,0,37.04
1016,1,1,17.74
1017,1,1,24.33
1018,1,1,32.88
1021,1,2,54.47
1027,1,1,31.67
1027,1,1,23.75
1031,1,0,24.45
1033,1,2,200.42
1033,1,0,30.39
1034,1,2,51.68
1034,1,0,13.72
1038,1,0,24.71
1038,1,3,105.57
1043,1,0,32.66
1045,1,0,13.14
1047,1,2,95.22
1049,1,2,41.55
1049,1,3,101.3
1049,1,0,17.0
1051,1,0,26.46
1052,1,1,37.13
1052,1,2,51.64
1055,1,3,63.32
1059,1,0,44.43
1059,1,0,19.23
1063,1,1,20.03
1064,1,1,15.4
1064,1,1,12.85
1066,1,0,30.08
1067,1,2,40.51
1068,1,2,24.71
1081,1,2,15.01
1082,1,0,31.28
1085,1,1,30.42
1087,1,0,11.24
1091,1,1,15.22
1092,1,1,12.08
1095,1,2,16.78
1095,1,0,33.63
1099,1,2,28.84
1101,1,0,69.55
1101,1,0,60.96
1102,1,0,42.9
1108,1,1,8.82
1110,1,0,15.08
1110,1,2,29.09
1113,1,1,18.82
1115,1,0,42.16
1122,1,1,27.65
1122,1,1,73.97
1123,1,0,56.23
1126,1,3,139.06
1127,1,0,9.06
1130,1,2,69.08
1131,1,3,102.91
1135,1,1,14.84
1135,1,2,27.36
1136,1,1,10.21
1137,1,1,14.65
1137,1,1,24.13
1138,1,2,79.11
1139,1,2,52.1
1140,1,1,15.08
1144,1,1,8.42
1144,1,1,13.86
1144,1,1,13.98
1146,1,1,37.36
1147,1,2,13.16
1148,1,0,14.01
1151,1,1,31.1
1154,1,2,58.02
1155,1,1,24.01
1156,1,1,23.36
1160,1,1,11.21
1163,1,0,11.04
1163,1,2,31.25
1165,1,2,31.46
1166,1,0,37.48
1167,1,2,23.22
1168,1,1,26.25
1169,1,3,104.84
1172,1,0,106.58
1174,1,2,46.7
1177,1,1,33.36
1178,1,2,35.35
1179,1,2,59.14
1181,1,1,24.8
1183,1,2,18.59
1184,1,0,40.61
1185,1,0,27.14
1186,1,2,59.98
1187,1,0,10.97
1188,1,2,27.52
1189,1,0,47.39
1191,1,2,169.28
1192,1,1,15.78
1194,1,1,42.33
1196,1,3,100.12
1197,1,0,21.05
1198,1,3,287.55
1198,1,3,108.04
2,2,1,2.83
2,2,3,102.0
5,2,1,20.15
5,2,0,50.24
7,2,0,37.95
7,2,2,11.28
9,2,0,11.13
15,2,3,158.36
16,2,1,13.53
20,2,2,12.4
26,2,0,37.45
29,2,3,108.41
33,2,2,12.97
36,2,0,15.97
37,2,0,71.88
37,2,2,45.41
37,2,0,26.83
38,2,2,67.62
42,2,1,3.25
42,2,3,37.47
46,2,0,10.79
47,2,3,172.5
51,2,0,14.73
51,2,0,47.23
53,2,0,21.79
57,2,0,15.09
59,2,2,24.54
61,2,1,84.71
61,2,2,74.86
63,2,0,36.26
68,2,2,30.99
69,2,0,34.14
71,2,0,38.37
72,2,0,18.83
74,2,0,15.47
78,2,0,14.49
79,2,0,12.74
79,2,0,18.06
79,2,0,19.12
79,2,2,41.57
81,2,2,26.96
82,2,2,25.35
82,2,2,8.9
84,2,0,8.35
84,2,3,73.35
90,2,3,123.2
91,2,1,20.5
91,2,2,32.93
92,2,1,43.2
92,2,3,206.77
93,2,0,28.63
96,2,0,137.43
98,2,0,9.27
99,2,2,61.73
100,2,2,20.5
105,2,0,68.82
108,2,1,30.39
112,2,2,43.86
112,2,2,65.46
113,2,2,26.87
116,2,3,39.27
116,2,1,9.34
121,2,1,9.83
124,2,0,57.15
125,2,3,71.61
126,2,0,85.8
126,2,2,62.05
126,2,1,59.98
126,2,3,230.47
127,2,2,48.79
130,2,2,43.54
130,2,3,246.82
135,2,0,37.12
138,2,1,39.82
138,2,0,19.28
138,2,0,87.18
139,2,2,38.18
141,2,0,33.4
143,2,2,17.91
143,2,1,7.96
144,2,0,45.86
145,2,3,70.69
146,2,2,23.62
146,2,2,18.03
147,2,1,21.79
149,2,2,67.73
151,2,2,107.36
151,2,0,16.43
151,2,1,24.97
153,2,0,11.93
154,2,1,13.2
157,2,2,34.5
158,2,0,38.37
162,2,2,21.11
163,2,0,26.95
165,2,0,78.79
167,2,1,13.71
167,2,2,26.25
167,2,2,29.51
169,2,0,18.23
169,2,2,29.95
170,2,0,15.73
171,2,0,60.51
172,2,0,13.2
172,2,0,30.54
173,2,1,8.08
175,2,0,24.59
176,2,2,21.56
176,2,0,15.91
181,2,0,42.96
183,2,0,16.63
185,2,2,47.2
185,2,1,6.53
187,2,1,42.59
191,2,2,53.78
192,2,0,24.19
192,2,3,107.58
193,2,2,23.92
193,2,0,29.4
194,2,2,18.75
196,2,1,34.9
196,2,1,24.03
198,2,2,87.96
199,2,0,62.88
199,2,1,11.94
200,2,0,16.78
201,2,2,28.17
202,2,1,6.1
204,2,1,36.62
209,2,0,27.54
210,2,1,7.26
213,2,1,20.69
217,2,2,32.18
219,2,2,41.22
220,2,2,38.33
221,2,2,28.53
224,2,3,91.2
224,2,2,7.23
227,2,2,19.68
228,2,1,2.95
229,2,0,28.43
231,2,1,32.81
234,2,0,12.58
238,2,0,23.82
241,2,0,15.8
243,2,2,91.55
245,2,3,1058.04
247,2,0,8.15
248,2,0,189.15
251,2,2,55.38
252,2,1,9.9
253,2,3,235.38
253,2,0,26.36
253,2,0,23.94
254,2,0,52.9
257,2,1,31.51
257,2,0,25.01
257,2,2,40.37
258,2,0,13.4
259,2,2,406.72
259,2,0,432.05
268,2,3,49.21
269,2,1,14.7
269,2,2,17.16
271,2,0,22.19
275,2,0,30.1
278,2,0,12.49
284,2,2,15.84
285,2,2,65.48
285,2,2,72.23
290,2,0,26.51
294,2,3,139.4
295,2,1,47.43
297,2,0,13.67
298,2,0,69.81
298,2,1,20.69
300,2,0,11.35
304,2,1,6.24
306,2,0,31.66
306,2,1,11.17
307,2,1,71.56
310,2,1,18.31
310,2,1,45.81
310,2,0,123.81
311,2,1,45.69
313,2,0,10.01
318,2,3,44.27
323,2,3,95.06
324,2,0,51.55
329,2,3,349.36
329,2,1,8.08
330,2,1,46.72
330,2,3,51.34
330,2,1,51.3
330,2,0,16.45
332,2,1,33.79
333,2,0,9.43
333,2,2,45.44
336,2,1,8.22
338,2,3,201.94
338,2,0,65.33
339,2,2,64.64
343,2,1,11.65
344,2,0,23.97
347,2,1,23.96
347,2,0,73.6
348,2,0,57.42
349,2,1,17.28
350,2,1,5.39
351,2,0,16.44
351,2,1,16.08
355,2,0,7.81
360,2,0,18.62
360,2,1,15.93
360,2,1,21.71
361,2,2,45.65
361,2,0,33.74
363,2,2,71.54
364,2,1,84.05
367,2,3,70.12
367,2,0,20.08
367,2,2,27.56
371,2,0,22.84
371,2,3,73.88
371,2,1,10.38
373,2,1,5.49
373,2,0,14.24
375,2,2,42.73
376,2,2,16.82
384,2,0,38.8
385,2,0,12.79
386,2,0,65.0
387,2,1,6.86
387,2,0,7.76
390,2,1,18.53
390,2,0,12.09
395,2,0,20.39
395,2,3,79.24
395,2,2,54.41
396,2,0,21.18
397,2,2,59.04
398,2,3,44.03
408,2,1,7.58
408,2,2,24.63
412,2,3,175.89
414,2,0,52.97
414,2,0,11.75
415,2,1,52.24
415,2,1,39.91
417,2,2,28.43
421,2,0,80.07
424,2,2,36.17
426,2,2,64.99
427,2,1,15.9
428,2,2,15.69
430,2,2,33.4
433,2,1,4.56
434,2,1,9.2
435,2,1,7.7
439,2,2,35.72
439,2,0,31.1
440,2,0,17.72
440,2,2,77.28
446,2,1,57.39
447,2,2,37.91
447,2,1,16.48
448,2,0,18.87
449,2,3,394.81
449,2,2,151.16
451,2,1,26.26
451,2,2,110.74
453,2,2,14.6
453,2,3,47.65
454,2,3,56.57
461,2,2,221.88
463,2,1,14.52
463,2,2,15.33
464,2,0,37.0
466,2,1,10.32
467,2,1,16.31
467,2,0,4.77
471,2,2,38.53
471,2,0,38.04
472,2,0,36.83
475,2,2,27.87
475,2,0,14.21
476,2,2,13.8
476,2,2,9.93
477,2,0,113.82
480,2,2,132.69
481,2,0,4.6
484,2,0,54.88
488,2,3,393.29
488,2,0,28.95
488,2,2,57.82
494,2,0,50.37
495,2,2,68.18
496,2,1,17.15
498,2,2,39.5
499,2,0,120.24
502,2,1,17.08
502,2,1,23.35
503,2,2,10.82
504,2,0,44.38
505,2,2,66.59
506,2,0,65.83
507,2,2,12.48
508,2,0,36.22
515,2,0,17.0
517,2,0,38.39
517,2,0,41.27
519,2,1,9.97
521,2,0,23.95
524,2,0,36.73
527,2,3,138.93
527,2,2,39.81
528,2,2,10.98
533,2,2,161.56
535,2,2,17.25
536,2,0,40.75
537,2,0,13.02
539,2,2,22.01
541,2,2,80.21
543,2,2,47.51
544,2,0,41.34
547,2,0,30.24
548,2,2,50.8
549,2,1,24.17
551,2,0,16.94
551,2,0,23.3
551,2,0,15.03
551,2,0,17.32
554,2,2,135.02
555,2,2,36.13
556,2,3,235.2
559,2,1,15.68
561,2,2,26.85
561,2,0,26.64
561,2,0,14.6
564,2,2,33.44
565,2,1,46.06
567,2,0,6.53
569,2,0,55.53
571,2,1,6.13
573,2,3,46.49
577,2,2,30.87
579,2,1,9.66
582,2,1,26.01
584,2,1,8.49
585,2,3,132.28
587,2,1,24.18
587,2,1,51.09
588,2,1,16.52
589,2,1,9.76
590,2,2,185.31
592,2,1,14.98
593,2,2,40.0
594,2,1,12.68
600,2,0,43.13
601,2,0,20.18
604,2,2,43.08
605,2,1,23.22
606,2,2,24.17
607,2,3,200.27
608,2,0,41.56
610,2,2,36.67
613,2,0,13.4
615,2,0,23.98
615,2,2,13.08
616,2,0,11.88
629,2,0,25.35
630,2,2,68.95
632,2,0,30.05
634,2,2,108.55
634,2,1,31.54
634,2,0,170.94
638,2,3,213.55
643,2,0,50.22
644,2,2,86.97
644,2,1,15.14
646,2,1,6.14
646,2,0,8.47
648,2,0,95.97
653,2,2,252.36
653,2,1,38.55
654,2,0,8.53
655,2,0,111.69
656,2,2,131.46
662,2,0,65.85
665,2,0,22.37
667,2,3,32.02
672,2,1,28.68
672,2,2,62.47
673,2,3,96.23
681,2,2,109.26
682,2,3,332.1
682,2,2,176.11
683,2,0,19.22
684,2,0,8.29
687,2,3,122.85
688,2,2,49.97
690,2,1,18.57
691,2,1,10.52
694,2,0,13.03
696,2,3,78.88
698,2,1,53.54
698,2,2,152.07
703,2,2,31.14
704,2,0,18.1
707,2,2,13.26
707,2,0,9.72
711,2,2,25.88
713,2,0,23.98
715,2,0,35.26
716,2,2,43.33
716,2,0,18.14
718,2,2,40.04
718,2,0,13.28
718,2,0,9.88
719,2,0,42.17
719,2,2,53.91
723,2,1,28.2
730,2,0,22.32
731,2,2,102.91
732,2,0,31.36
733,2,1,1.72
734,2,2,21.21
734,2,0,9.68
736,2,3,37.19
737,2,1,7.94
738,2,0,21.46
740,2,2,4.24
742,2,0,21.81
743,2,2,56.86
745,2,0,30.05
745,2,0,79.26
749,2,0,17.21
750,2,3,88.43
750,2,0,19.94
750,2,0,10.06
751,2,1,4.68
754,2,0,34.72
754,2,0,28.71
756,2,0,19.75
760,2,2,133.18
761,2,1,63.33
762,2,1,11.59
762,2,0,9.07
765,2,0,23.72
768,2,2,75.46
768,2,3,69.93
769,2,2,62.36
772,2,2,20.83
774,2,0,9.25
775,2,0,42.73
778,2,1,52.52
782,2,1,16.99
783,2,2,54.41
783,2,3,112.42
785,2,0,75.71
786,2,1,14.04
787,2,1,11.83
789,2,0,27.67
790,2,1,21.07
791,2,2,32.29
794,2,2,14.99
797,2,2,33.55
802,2,0,31.31
803,2,1,49.32
803,2,2,45.03
803,2,1,13.32
806,2,3,86.97
806,2,0,20.0
808,2,0,36.54
810,2,0,30.55
812,2,2,37.63
816,2,3,57.54
821,2,0,79.55
821,2,3,314.67
822,2,2,50.49
823,2,0,15.76
825,2,2,157.64
831,2,1,26.27
831,2,1,10.53
837,2,1,20.55
839,2,1,21.52
839,2,1,27.82
840,2,0,23.3
840,2,0,16.87
842,2,0,57.63
844,2,2,21.79
847,2,1,5.34
849,2,0,35.69
852,2,0,33.57
853,2,0,50.58
854,2,1,11.5
855,2,3,111.52
855,2,0,22.48
857,2,2,68.99
859,2,1,51.53
860,2,0,24.51
863,2,0,14.64
863,2,2,75.62
864,2,1,44.95
866,2,0,19.3
870,2,0,18.82
870,2,0,89.26
871,2,0,19.93
876,2,0,124.29
876,2,1,28.0
877,2,3,109.19
879,2,0,77.18
880,2,2,27.63
880,2,0,23.02
883,2,2,73.23
883,2,2,45.59
885,2,2,172.03
886,2,2,41.81
887,2,2,25.21
891,2,1,33.44
894,2,0,64.23
898,2,1,71.02
898,2,1,27.24
898,2,1,57.04
903,2,0,11.34
905,2,0,52.56
908,2,1,16.15
908,2,2,34.98
910,2,2,41.09
912,2,0,28.63
913,2,2,26.87
913,2,0,26.78
921,2,1,24.4
921,2,1,17.99
923,2,2,36.81
924,2,1,36.68
925,2,0,30.62
928,2,1,70.22
935,2,2,80.53
936,2,2,29.31
938,2,1,14.55
939,2,1,87.54
941,2,0,18.27
943,2,0,149.44
946,2,0,6.76
949,2,0,17.75
955,2,0,17.8
960,2,0,21.22
960,2,0,8.52
961,2,2,24.43
964,2,0,26.32
965,2,0,44.87
965,2,2,46.02
970,2,0,30.89
970,2,1,8.61
971,2,1,15.97
972,2,0,18.0
972,2,0,45.7
973,2,1,37.03
976,2,0,67.32
976,2,2,40.2
977,2,0,7.46
977,2,0,51.16
978,2,1,9.45
978,2,2,74.51
978,2,3,73.59
980,2,0,14.64
982,2,0,48.78
986,2,2,30.76
990,2,1,10.77
991,2,2,82.51
991,2,2,51.87
995,2,0,57.09
995,2,0,60.84
998,2,1,3.91
999,2,1,43.21
999,2,0,33.61
1001,2,1,27.06
1008,2,1,35.37
1009,2,0,28.13
1010,2,3,201.45
1010,2,0,13.3
1011,2,1,20.98
1012,2,2,8.55
1012,2,0,25.0
1013,2,2,43.75
1014,2,0,46.89
1017,2,0,46.74
1018,2,0,56.87
1019,2,1,15.47
1019,2,0,65.85
1021,2,0,21.18
1022,2,2,54.23
1025,2,1,7.08
1028,2,1,24.26
1032,2,0,20.61
1032,2,2,97.05
1032,2,2,23.41
1032,2,1,32.21
1033,2,0,53.17
1033,2,2,39.0
1036,2,2,28.21
1036,2,1,24.51
1036,2,2,36.25
1037,2,0,53.04
1038,2,0,55.69
1038,2,2,68.08
1042,2,1,2.23
1047,2,1,7.1
1051,2,3,104.29
1055,2,1,12.7
1055,2,2,52.47
1058,2,2,42.2
1059,2,2,27.15
1062,2,0,25.44
1062,2,3,144.16
1062,2,1,27.34
1062,2,0,8.81
1063,2,1,10.02
1065,2,0,16.03
1066,2,2,38.17
1070,2,0,18.38
1074,2,0,12.52
1074,2,1,11.72
1079,2,3,168.6
1080,2,0,61.55
1085,2,0,9.36
1086,2,1,9.61
1090,2,1,23.13
1092,2,2,103.76
1095,2,0,11.59
1095,2,0,27.72
1099,2,1,8.6
1100,2,0,19.92
1100,2,3,97.62
1104,2,1,31.95
1106,2,0,24.04
1106,2,0,22.66
1112,2,3,56.22
1115,2,3,176.86
1119,2,1,33.85
1120,2,2,13.06
1121,2,3,177.51
1121,2,1,19.23
1121,2,0,87.56
1122,2,0,111.58
1122,2,2,32.19
1122,2,1,19.57
1123,2,0,36.35
1126,2,0,29.71
1133,2,1,6.95
1139,2,0,39.91
1139,2,2,43.12
1140,2,2,98.06
1142,2,1,20.68
1143,2,0,23.81
1143,2,2,42.25
1143,2,0,48.85
1144,2,0,31.75
1144,2,0,10.49
1146,2,0,68.49
1148,2,0,12.6
1148,2,1,20.6
1150,2,0,60.25
1151,2,1,16.9
1153,2,2,35.21
1153,2,0,62.59
1155,2,0,14.76
1156,2,2,112.36
1156,2,2,93.63
1156,2,1,15.83
1159,2,1,9.91
1165,2,1,8.63
1165,2,0,12.29
1169,2,1,16.92
1171,2,1,26.38
1171,2,1,8.66
1171,2,0,18.03
1171,2,2,105.77
1173,2,0,12.79
1173,2,2,38.29
1176,2,2,108.23
1176,2,2,36.86
1177,2,2,34.4
1177,2,0,50.3
1178,2,0,101.41
1178,2,0,11.58
1183,2,2,47.11
1188,2,0,25.76
1192,2,1,15.13
1192,2,3,97.81
1193,2,2,73.29
1194,2,1,13.97
1194,2,0,26.87
1195,2,2,48.3
1195,2,0,19.1
1198,2,1,14.64
1199,2,1,33.37
1,3,1,33.13
3,3,1,11.59
5,3,0,26.22
6,3,0,21.7
7,3,0,16.98
8,3,2,55.52
10,3,2,171.78
11,3,0,20.24
11,3,2,57.32
11,3,0,25.0
12,3,1,13.83
13,3,0,37.16
13,3,2,124.08
14,3,2,48.3
14,3,1,27.13
21,3,1,34.47
23,3,1,19.22
26,3,0,38.89
26,3,1,30.32
34,3,1,4.62
34,3,3,25.87
40,3,0,25.0
42,3,0,16.25
46,3,0,20.01
53,3,2,12.01
53,3,2,9.97
58,3,1,25.19
59,3,1,63.27
61,3,0,67.58
61,3,1,17.98
62,3,0,14.72
62,3,3,101.16
62,3,1,7.16
65,3,0,28.59
67,3,0,31.07
67,3,2,21.55
69,3,0,66.55
70,3,2,28.31
72,3,0,41.08
74,3,0,47.81
79,3,0,21.05
80,3,0,23.95
84,3,0,8.08
84,3,2,32.33
88,3,2,15.84
90,3,2,60.58
92,3,1,29.98
93,3,1,30.38
94,3,2,51.15
96,3,1,22.26
100,3,0,16.09
103,3,1,8.19
105,3,2,37.68
110,3,1,4.68
111,3,0,25.05
111,3,1,16.23
111,3,1,21.22
113,3,0,95.76
114,3,2,26.33
116,3,2,49.64
116,3,3,140.17
117,3,0,33.33
121,3,3,41.99
122,3,2,44.5
122,3,3,127.02
124,3,0,19.15
124,3,1,9.3
124,3,1,28.25
128,3,3,367.43
131,3,1,45.56
133,3,0,38.64
136,3,2,42.88
141,3,0,17.03
141,3,0,16.95
141,3,3,159.83
147,3,2,46.31
147,3,2,65.59
148,3,2,49.87
149,3,0,62.51
152,3,1,40.07
154,3,0,47.04
158,3,2,29.71
161,3,2,54.24
161,3,2,8.81
161,3,0,8.99
163,3,2,47.24
163,3,1,101.77
166,3,0,38.79
166,3,1,9.08
167,3,1,9.23
168,3,1,31.36
170,3,2,19.69
171,3,0,29.75
171,3,0,6.38
171,3,3,118.61
172,3,0,20.52
174,3,1,5.93
174,3,2,12.99
175,3,0,15.05
179,3,2,26.81
181,3,0,44.73
181,3,0,46.62
183,3,1,5.91
184,3,1,24.02
186,3,1,11.76
192,3,0,20.23
195,3,0,8.67
200,3,1,34.89
201,3,0,49.15
204,3,0,29.11
205,3,0,40.92
206,3,2,25.36
207,3,0,50.89
207,3,0,35.99
210,3,0,33.02
210,3,2,6.3
214,3,0,21.61
215,3,1,6.21
216,3,0,21.48
217,3,3,89.74
220,3,0,18.02
224,3,1,14.55
224,3,2,19.98
230,3,0,56.16
231,3,0,24.21
233,3,1,49.14
235,3,0,18.25
235,3,0,51.9
236,3,0,19.24
238,3,0,35.41
239,3,0,28.43
249,3,0,80.08
250,3,1,35.99
251,3,1,6.02
252,3,2,31.8
254,3,2,62.23
254,3,1,124.36
257,3,0,20.91
261,3,0,4.72
262,3,0,54.15
263,3,2,68.24
264,3,1,17.3
264,3,1,20.15
267,3,2,26.05
267,3,0,56.47
268,3,0,22.79
268,3,2,39.39
269,3,0,42.92
272,3,0,10.14
273,3,1,12.29
273,3,0,14.67
275,3,2,16.71
275,3,2,23.44
275,3,2,39.38
275,3,3,106.91
275,3,3,31.93
277,3,1,12.3
279,3,0,41.12
281,3,2,29.96
284,3,1,10.69
287,3,3,21.95
289,3,1,26.33
290,3,0,18.07
292,3,2,43.76
295,3,0,24.31
298,3,0,68.31
301,3,1,20.04
305,3,0,40.99
306,3,2,57.87
307,3,2,119.34
307,3,2,116.6
308,3,0,12.94
308,3,2,27.4
309,3,2,45.55
310,3,2,102.33
310,3,0,71.07
311,3,2,66.77
313,3,2,22.31
319,3,0,48.83
321,3,2,35.1
322,3,0,14.79
323,3,1,9.39
324,3,1,48.09
329,3,2,34.44
329,3,1,8.5
330,3,0,10.89
331,3,2,53.59
332,3,1,31.58
333,3,2,26.26
333,3,3,49.74
336,3,0,67.87
338,3,0,62.49
338,3,0,165.59
339,3,1,10.66
340,3,0,29.25
340,3,1,35.7
341,3,1,6.71
341,3,0,36.07
342,3,2,59.39
344,3,2,53.45
344,3,2,84.19
346,3,0,162.79
349,3,0,22.17
350,3,0,8.52
350,3,1,8.19
350,3,0,8.86
351,3,0,28.0
355,3,0,39.14
355,3,3,34.09
363,3,3,255.46
363,3,0,36.3
363,3,0,32.24
373,3,1,13.7
374,3,2,36.57
393,3,0,31.89
395,3,1,10.22
395,3,3,36.9
395,3,1,37.68
395,3,0,35.04
399,3,0,10.42
399,3,0,3.56
400,3,0,22.59
403,3,0,27.29
406,3,0,5.83
409,3,0,5.26
414,3,2,45.59
416,3,0,39.14
419,3,0,12.01
419,3,1,2.72
420,3,0,3.52
420,3,1,4.0
425,3,2,13.44
427,3,0,25.44
428,3,0,48.97
429,3,1,86.5
437,3,3,44.22
439,3,1,13.37
446,3,0,72.43
446,3,2,252.96
448,3,2,18.46
449,3,0,20.94
450,3,0,31.7
451,3,3,87.33
451,3,1,16.84
458,3,2,37.2
459,3,0,36.12
464,3,0,39.85
465,3,3,37.07
465,3,2,30.57
467,3,2,11.66
467,3,0,5.38
469,3,0,44.88
469,3,1,19.26
472,3,1,13.12
472,3,1,28.2
473,3,0,21.35
473,3,3,157.88
474,3,0,21.34
474,3,1,47.25
478,3,0,6.13
483,3,0,50.9
483,3,0,11.86
483,3,1,24.11
483,3,1,17.41
487,3,0,12.33
489,3,0,63.41
491,3,2,448.33
496,3,3,48.98
497,3,1,155.14
498,3,1,4.6
503,3,0,16.28
504,3,0,76.16
509,3,0,13.83
511,3,2,146.29
511,3,1,30.57
514,3,2,32.94
519,3,0,24.49
520,3,1,11.49
527,3,1,21.64
531,3,3,428.78
532,3,1,9.2
532,3,0,8.89
535,3,2,14.8
535,3,1,7.91
537,3,1,32.38
541,3,1,6.8
544,3,3,92.17
544,3,0,34.47
546,3,0,15.72
551,3,1,11.39
553,3,2,57.05
554,3,2,124.62
557,3,2,80.47
557,3,1,9.61
559,3,0,44.9
559,3,1,13.05
560,3,1,49.58
560,3,0,9.59
561,3,2,47.29
562,3,0,13.8
563,3,2,80.36
563,3,0,33.51
567,3,1,21.29
567,3,3,98.49
568,3,0,43.54
570,3,1,5.91
571,3,2,13.21
571,3,3,72.67
573,3,1,8.51
574,3,0,30.27
574,3,1,16.26
577,3,0,19.35
577,3,0,44.69
582,3,2,35.45
582,3,1,16.07
582,3,0,50.13
586,3,0,14.24
586,3,2,15.53
591,3,1,35.39
595,3,2,30.66
595,3,1,4.08
595,3,2,56.81
596,3,1,26.98
596,3,1,31.23
597,3,3,34.28
597,3,0,13.65
598,3,0,27.88
599,3,0,11.87
600,3,2,38.83
603,3,2,285.92
604,3,0,46.29
606,3,3,44.96
608,3,1,19.19
609,3,2,57.58
609,3,1,36.67
613,3,0,29.8
618,3,1,35.08
621,3,0,57.71
622,3,2,47.42
623,3,1,36.54
623,3,2,61.16
627,3,2,49.54
627,3,1,11.64
628,3,2,96.98
629,3,2,39.09
630,3,2,82.19
631,3,3,47.21
633,3,1,8.06
634,3,2,54.97
634,3,0,52.81
636,3,3,88.25
637,3,1,4.87
638,3,0,40.97
639,3,0,13.68
639,3,1,4.55
639,3,1,3.19
640,3,3,43.43
643,3,3,299.89
646,3,3,111.19
651,3,0,37.62
653,3,1,41.14
656,3,2,312.88
659,3,2,17.91
659,3,2,29.03
662,3,0,15.3
663,3,1,14.43
666,3,0,38.68
668,3,0,16.69
668,3,3,46.52
675,3,1,38.52
675,3,1,55.78
675,3,3,117.85
676,3,0,28.42
677,3,2,29.18
678,3,0,10.35
681,3,1,36.41
681,3,0,21.98
682,3,0,91.16
682,3,0,79.11
682,3,1,106.2
683,3,2,45.45
683,3,0,13.3
686,3,1,23.57
686,3,0,18.48
688,3,1,31.36
688,3,2,35.13
688,3,1,15.02
690,3,0,41.47
690,3,0,24.71
694,3,0,16.44
694,3,1,8.02
697,3,1,3.42
697,3,2,38.93
697,3,0,15.27
707,3,2,70.78
707,3,2,13.87
710,3,1,3.67
711,3,2,50.45
711,3,2,27.01
713,3,2,27.48
714,3,3,178.21
715,3,2,59.29
719,3,0,31.01
719,3,3,241.17
719,3,2,71.18
720,3,2,29.03
722,3,2,27.53
723,3,2,94.06
726,3,2,16.02
727,3,1,11.3
729,3,0,82.18
730,3,0,47.03
733,3,2,18.14
734,3,0,26.7
735,3,1,4.42
738,3,1,76.32
740,3,0,4.54
742,3,1,24.91
747,3,1,10.87
749,3,0,22.25
751,3,0,9.02
752,3,2,109.6
752,3,0,101.78
752,3,1,41.78
753,3,0,24.35
753,3,0,29.44
754,3,2,42.8
756,3,0,61.32
757,3,1,6.76
757,3,1,3.21
758,3,1,7.55
759,3,1,24.51
761,3,2,152.1
762,3,1,7.85
763,3,1,42.07
765,3,1,4.99
766,3,3,234.49
767,3,0,22.04
771,3,2,55.91
772,3,0,27.85
773,3,1,20.62
774,3,2,13.66
775,3,1,20.58
775,3,0,34.03
776,3,2,18.95
778,3,0,68.76
779,3,3,203.84
780,3,0,66.18
787,3,0,5.64
787,3,3,48.04
789,3,0,52.16
789,3,0,17.27
791,3,3,54.49
791,3,0,8.41
796,3,2,91.16
803,3,1,54.89
804,3,1,21.43
804,3,1,15.92
805,3,2,50.03
